Title,Type,ImdbId,ExpectedYear
Casablanca,Movie,tt0034583,
Double Indemnity,Movie,tt0036775,
It's a Wonderful Life,Movie,tt0038650,
The Third Man,Movie,tt0041959,
Singin' in the Rain,Movie,tt0045152,
Rear Window,Movie,tt0047396,
Seven Samurai,Movie,tt0047478,
The Night of the Hunter,Movie,tt0048424,
12 Angry Men,Movie,tt0050083,
Vertigo,Movie,tt0052357,
Psycho,Movie,tt0054215,
Lawrence of Arabia,Movie,tt0056172,
Dr. Strangelove,Movie,tt0057012,
"The Good, the Bad and the Ugly",Movie,tt0060196,
2001: A Space Odyssey,Movie,tt0062622,
Rosemary's Baby,Movie,tt0063522,
Easy Rider,Movie,tt0064276,
The Godfather,Movie,tt0068646,
Cabaret,Movie,tt0068327,
The Exorcist,Movie,tt0070047,
Chinatown,Movie,tt0071315,
Jaws,Movie,tt0073195,
One Flew Over the Cuckoo's Nest,Movie,tt0073486,
Rocky,Movie,tt0075148,
Annie Hall,Movie,tt0075686,
Star Wars: Episode IV - A New Hope,Movie,tt0076759,1977
Eraserhead,Movie,tt0074486,
Days of Heaven,Movie,tt0077405,
Alien,Movie,tt0078748,
Apocalypse Now,Movie,tt0078788,
The Shining,Movie,tt0081505,
Raiders of the Lost Ark,Movie,tt0082971,
Blade Runner,Movie,tt0083658,
E.T. the Extra-Terrestrial,Movie,tt0083866,
The Thing,Movie,tt0084787,
WarGames,Movie,tt0086567,
Ghostbusters,Movie,tt0087332,
This Is Spinal Tap,Movie,tt0088258,
The Breakfast Club,Movie,tt0088847,
Brazil,Movie,tt0088846,
Back to the Future,Movie,tt0088763,
Ran,Movie,tt0089881,
Blue Velvet,Movie,tt0090756,
Aliens,Movie,tt0090605,
Akira,Movie,tt0094625,
My Neighbor Totoro,Movie,tt0096283,
Cinema Paradiso,Movie,tt0095765,1988
Wings of Desire,Movie,tt0093191,
Die Hard,Movie,tt0095016,
Grave of the Fireflies,Movie,tt0095327,
Do the Right Thing,Movie,tt0097216,
When Harry Met Sally,Movie,tt0098635,
Goodfellas,Movie,tt0099685,
Terminator 2: Judgment Day,Movie,tt0103064,
The Silence of the Lambs,Movie,tt0102926,
A League of Their Own,Movie,tt0104694,
Unforgiven,Movie,tt0105695,
Groundhog Day,Movie,tt0107048,
Jurassic Park,Movie,tt0107290,
Speed,Movie,tt0111257,
Pulp Fiction,Movie,tt0110912,
The Shawshank Redemption,Movie,tt0111161,
The Lion King,Movie,tt0110357,
Heat,Movie,tt0113277,
Se7en,Movie,tt0114369,
Fargo,Movie,tt0116282,
Trainspotting,Movie,tt0117951,
Princess Mononoke,Movie,tt0119698,
Cowboy Bebop,TV,tt0213338,
Neon Genesis Evangelion,TV,tt0112159,
The Big Lebowski,Movie,tt0118715,
The Thin Red Line,Movie,tt0120863,
Saving Private Ryan,Movie,tt0120815,
Rushmore,Movie,tt0128445,
Being John Malkovich,Movie,tt0120601,
Fight Club,Movie,tt0137523,
The Matrix,Movie,tt0133093,
Magnolia,Movie,tt0175880,
10 Things I Hate About You,Movie,tt0147800,
Notting Hill,Movie,tt0125439,
Seinfeld,TV,tt0098904,
Freaks and Geeks,TV,tt0193676,
Amelie,Movie,tt0211915,
Mulholland Drive,Movie,tt0166924,
Spirited Away,Movie,tt0245429,2001
The Royal Tenenbaums,Movie,tt0265666,
City of God,Movie,tt0317248,2002
Arrested Development,TV,tt0367279,
Lost in Translation,Movie,tt0335266,
Oldboy,Movie,tt0364569,
Finding Nemo,Movie,tt0266543,
Eternal Sunshine of the Spotless Mind,Movie,tt0338013,
Shaun of the Dead,Movie,tt0365748,
Napoleon Dynamite,Movie,tt0374900,
The Office,TV,tt0386676,
It's Always Sunny in Philadelphia,TV,tt0472954,
Grizzly Man,Movie,tt0427312,
Pan's Labyrinth,Movie,tt0457430,
The Departed,Movie,tt0407887,
Children of Men,Movie,tt0206634,
Zodiac,Movie,tt0443706,
No Country for Old Men,Movie,tt0477348,
There Will Be Blood,Movie,tt0469494,
Mad Men,TV,tt0804503,
In Bruges,Movie,tt0780536,
WALL-E,Movie,tt0910970,
Let the Right One In,Movie,tt1139797,
Man on Wire,Movie,tt1155592,
Breaking Bad,TV,tt0903747,
Up,Movie,tt1049413,
A Serious Man,Movie,tt1019452,
Moon,Movie,tt1182345,
Fullmetal Alchemist: Brotherhood,TV,tt1355642,
Toy Story 3,Movie,tt0435761,
Black Swan,Movie,tt0947798,
Community,TV,tt1439629,
Drive,Movie,tt0780504,
Melancholia,Movie,tt1527186,
Game of Thrones,TV,tt0944947,
Black Mirror,TV,tt2085059,
20 Feet from Stardom,Movie,tt2396566,
Whiplash,Movie,tt2582802,
Nightcrawler,Movie,tt2872718,
The Grand Budapest Hotel,Movie,tt2278388,
John Wick,Movie,tt2911666,
True Detective,TV,tt2356777,
Fargo,TV,tt2802850,
The Witch,Movie,tt4263482,
Mad Max: Fury Road,Movie,tt1392190,
Broadchurch,TV,tt2249364,
The Expanse,TV,tt3230854,
Arrival,Movie,tt2543164,
Moonlight,Movie,tt4975722,
La La Land,Movie,tt3783958,
The Edge of Seventeen,Movie,tt1878870,
Sing Street,Movie,tt3544112,
The Handmaiden,Movie,tt4016934,
Atlanta,TV,tt4288182,
Stranger Things,TV,tt4574334,
Fleabag,TV,tt5687612,
Get Out,Movie,tt5052448,
Lady Bird,Movie,tt4925292,
Phantom Thread,Movie,tt5776858,
A Ghost Story,Movie,tt6265828,
Call Me By Your Name,Movie,tt5726616,
Mindhunter,TV,tt5290382,
The Crown,TV,tt4786824,
Hereditary,Movie,tt7784604,
Sorry to Bother You,Movie,tt5688932,
Spider-Man: Into the Spider-Verse,Movie,tt4633694,
Roma,Movie,tt6155172,
The Favourite,Movie,tt5083738,
Won't You Be My Neighbor?,Movie,tt7681902,
Crazy Rich Asians,Movie,tt3104988,
Eighth Grade,Movie,tt7014006,
Free Solo,Movie,tt7775622,
The Haunting of Hill House,TV,tt6763664,
Succession,TV,tt7660850,
Better Call Saul,TV,tt3032476,
Schitt's Creek,TV,tt3526078,
Euphoria,TV,tt8772296,
I Think You Should Leave,TV,tt10050772,
Parasite,Movie,tt6751668,
Uncut Gems,Movie,tt5727208,
Midsommar,Movie,tt8772262,
Portrait of a Lady on Fire,Movie,tt8613070,
Knives Out,Movie,tt8946378,
Chernobyl,TV,tt7366338,
Making a Murderer,TV,tt5189670,
Planet Earth II,TV,tt5491994,
The Great British Bake Off,TV,tt1877368,
Nomadland,Movie,tt9770150,
Soul,Movie,tt2948372,
Palm Springs,Movie,tt9484998,
Drive My Car,Movie,tt14039582,
The Green Knight,Movie,tt9243804,
Dune,Movie,tt0087182,
Encanto,Movie,tt2953050,
Severance,TV,tt11280740,
Everything Everywhere All at Once,Movie,tt6710474,
The Banshees of Inisherin,Movie,tt11813216,
Aftersun,Movie,tt19770238,
Top Gun: Maverick,Movie,tt1745960,
The Menu,Movie,tt9764362,
RRR,Movie,tt8178634,
All Quiet on the Western Front,Movie,tt1016150,
Past Lives,Movie,tt13238346,
Oppenheimer,Movie,tt15398776,
Poor Things,Movie,tt14230458,
The Zone of Interest,Movie,tt7160372,
Anatomy of a Fall,Movie,tt17009710,
Dune: Part Two,Movie,tt15239678,
The Substance,Movie,tt17526714,
The Dark Knight,Movie,tt0468569,
Inception,Movie,tt1375666,
The Social Network,Movie,tt1285016,
Bridesmaids,Movie,tt1478338,
The Raid,Movie,tt1899353,
The Wolf of Wall Street,Movie,tt0993846,
Her,Movie,tt1798709,
Gone Girl,Movie,tt2267998,
Ex Machina,Movie,tt0470752,
Inside Out,Movie,tt2096673,
The Florida Project,Movie,tt5649144,
Coco,Movie,tt2380307,
Paddington 2,Movie,tt4468740,
Shoplifters,Movie,tt8075192,
Burning,Movie,tt7282468,
Booksmart,Movie,tt1489887,
Little Women,Movie,tt3281548,
The Farewell,Movie,tt8637428,
Sound of Metal,Movie,tt5363618,
Minari,Movie,tt10633456,
The Mitchells vs. the Machines,Movie,tt7979580,
The Worst Person in the World,Movie,tt10370710,
Nope,Movie,tt10954984,
Tar,Movie,tt14444726,
Barbie,Movie,tt1517268,
The Holdovers,Movie,tt14849194,
Killers of the Flower Moon,Movie,tt5537002,
Godzilla Minus One,Movie,tt23289160,
May December,Movie,tt13651794,
Challengers,Movie,tt16426418,
Twin Peaks,TV,tt0098936,
Buffy the Vampire Slayer,TV,tt0118276,
The Sopranos,TV,tt0141842,
The West Wing,TV,tt0200276,
Curb Your Enthusiasm,TV,tt0264235,
Gilmore Girls,TV,tt0238784,
The Wire,TV,tt0306414,
Avatar: The Last Airbender,TV,tt0417299,
Friday Night Lights,TV,tt0758745,
30 Rock,TV,tt0496424,
Parks and Recreation,TV,tt1266020,
Adventure Time,TV,tt1305826,
The Americans,TV,tt2149175,
The Leftovers,TV,tt2699128,
BoJack Horseman,TV,tt3398228,
Mr. Robot,TV,tt4158110,
The Good Place,TV,tt4955642,
Dark,TV,tt5753856,
Money Heist,TV,tt6468322,
Big Little Lies,TV,tt3920596,
Watchmen,TV,tt7049682,
Ted Lasso,TV,tt10986410,
I May Destroy You,TV,tt11204260,
Squid Game,TV,tt10919420,
Arcane,TV,tt11126994,
The White Lotus,TV,tt13406094,
Abbott Elementary,TV,tt14218830,
Hacks,TV,tt11815682,
Pachinko,TV,tt8888462,
The Bear,TV,tt14452776,
Andor,TV,tt9253284,
The Last of Us,TV,tt3581920,
Beef,TV,tt14403178,
Blue Eye Samurai,TV,tt13309742,
Shogun,TV,tt2788316,
Annihilation,Movie,tt2798920,2018
Under the Skin,Movie,tt1441395,2013